-- phpMyAdmin SQL Dump
-- version 4.8.2
-- https://www.phpmyadmin.net/
--
-- Host: localhost
-- Generation Time: Mar 28, 2019 at 01:19 PM
-- Server version: 10.1.34-MariaDB
-- PHP Version: 7.2.7

SET SQL_MODE = "NO_AUTO_VALUE_ON_ZERO";
SET AUTOCOMMIT = 0;
START TRANSACTION;
SET time_zone = "+00:00";


/*!40101 SET @OLD_CHARACTER_SET_CLIENT=@@CHARACTER_SET_CLIENT */;
/*!40101 SET @OLD_CHARACTER_SET_RESULTS=@@CHARACTER_SET_RESULTS */;
/*!40101 SET @OLD_COLLATION_CONNECTION=@@COLLATION_CONNECTION */;
/*!40101 SET NAMES utf8mb4 */;

--
-- Database: `droniladb`
--
CREATE DATABASE IF NOT EXISTS `droniladb` DEFAULT CHARACTER SET utf8mb4 COLLATE utf8mb4_unicode_ci;
USE `droniladb`;

-- --------------------------------------------------------

--
-- Table structure for table `banners`
--

CREATE TABLE `banners` (
  `id` int(11) NOT NULL,
  `image` varchar(255) COLLATE utf8mb4_unicode_ci NOT NULL,
  `title` varchar(255) COLLATE utf8mb4_unicode_ci NOT NULL,
  `link` varchar(255) COLLATE utf8mb4_unicode_ci NOT NULL,
  `status` tinyint(4) NOT NULL,
  `created_at` datetime NOT NULL,
  `updated_at` datetime NOT NULL
) ENGINE=InnoDB DEFAULT CHARSET=utf8mb4 COLLATE=utf8mb4_unicode_ci;

--
-- Dumping data for table `banners`
--

INSERT INTO `banners` (`id`, `image`, `title`, `link`, `status`, `created_at`, `updated_at`) VALUES
(6, '73009.png', 'top', 'top', 1, '2019-03-26 06:40:45', '2019-03-26 06:40:45'),
(7, '12942.png', '500', '500', 1, '2019-03-26 06:56:16', '2019-03-26 06:56:16');

-- --------------------------------------------------------

--
-- Table structure for table `cart`
--

CREATE TABLE `cart` (
  `id` int(10) UNSIGNED NOT NULL,
  `product_id` int(11) NOT NULL,
  `product_name` varchar(255) COLLATE utf8_unicode_ci NOT NULL,
  `product_code` varchar(255) COLLATE utf8_unicode_ci NOT NULL,
  `product_color` varchar(255) COLLATE utf8_unicode_ci NOT NULL,
  `size` varchar(255) COLLATE utf8_unicode_ci NOT NULL,
  `price` double(8,2) NOT NULL,
  `quantity` int(11) NOT NULL,
  `user_email` varchar(255) COLLATE utf8_unicode_ci NOT NULL,
  `session_id` varchar(255) COLLATE utf8_unicode_ci NOT NULL,
  `created_at` timestamp NULL DEFAULT NULL,
  `updated_at` timestamp NULL DEFAULT NULL
) ENGINE=InnoDB DEFAULT CHARSET=utf8 COLLATE=utf8_unicode_ci;

--
-- Dumping data for table `cart`
--

INSERT INTO `cart` (`id`, `product_id`, `product_name`, `product_code`, `product_color`, `size`, `price`, `quantity`, `user_email`, `session_id`, `created_at`, `updated_at`) VALUES
(2, 2, 'Quad', 'QS', 'K', 'S', 2000.00, 2, '', 'yKp2NxMFeL3em65CfFFt9IPYZAqql5CvcOVV5Zf9', NULL, NULL),
(3, 5, 'Casual', 'CSS', 'K', 'S', 1000.00, 1, '', 'yKp2NxMFeL3em65CfFFt9IPYZAqql5CvcOVV5Zf9', NULL, NULL),
(4, 2, 'Quad', 'QS', 'K', 'S', 2000.00, 1, '', 'HaYqZmiXcM38VGqretf5B1yRBFxHpIQmt7WHpaXA', NULL, NULL),
(5, 5, 'Casual', 'CSS', 'K', 'S', 1000.00, 1, '', 'HaYqZmiXcM38VGqretf5B1yRBFxHpIQmt7WHpaXA', NULL, NULL),
(6, 2, 'Quad', 'QS', 'K', 'S', 2000.00, 2, '', 'NbQTxiKSLfiRCeVNUuXxSmEWfdWsUTWJkl2EprWt', NULL, NULL);

-- --------------------------------------------------------

--
-- Table structure for table `categories`
--

CREATE TABLE `categories` (
  `id` int(10) UNSIGNED NOT NULL,
  `parent_id` int(11) NOT NULL DEFAULT '0',
  `name` varchar(255) COLLATE utf8_unicode_ci NOT NULL,
  `description` text COLLATE utf8_unicode_ci NOT NULL,
  `url` varchar(255) COLLATE utf8_unicode_ci NOT NULL,
  `status` tinyint(4) NOT NULL DEFAULT '1',
  `remember_token` varchar(100) COLLATE utf8_unicode_ci DEFAULT NULL,
  `created_at` timestamp NULL DEFAULT NULL,
  `updated_at` timestamp NULL DEFAULT NULL
) ENGINE=InnoDB DEFAULT CHARSET=utf8 COLLATE=utf8_unicode_ci;

--
-- Dumping data for table `categories`
--

INSERT INTO `categories` (`id`, `parent_id`, `name`, `description`, `url`, `status`, `remember_token`, `created_at`, `updated_at`) VALUES
(7, 0, 'T-Shirts', 'T-Shirts Category', 'T-Shirts', 1, NULL, '2019-02-24 02:28:15', '2019-03-10 22:28:39'),
(8, 0, 'Shoes', 'Shoes Category', 'Shoes', 1, NULL, '2019-02-24 02:28:59', '2019-03-10 23:09:52'),
(9, 7, 'Casual T-Shirts', 'Casual T-Shirts', 'Casual T-Shirts', 1, NULL, '2019-02-24 02:35:58', '2019-02-24 02:35:58'),
(10, 8, 'Casual Shoes', 'Casual Shoes', 'Casual Shoes', 1, NULL, '2019-02-24 02:41:12', '2019-02-24 02:41:12'),
(11, 8, 'Sport Shoes', 'Sport Shoes', 'Sport Shoes', 1, NULL, '2019-02-24 02:41:31', '2019-02-24 02:41:31'),
(12, 0, 'UAV', 'UAV', 'UAV', 1, NULL, '2019-02-24 03:24:16', '2019-02-24 03:24:16'),
(13, 12, 'UAV', 'UAV', 'uav-d', 1, NULL, '2019-03-10 09:36:28', '2019-03-10 09:36:28');

-- --------------------------------------------------------

--
-- Table structure for table `migrations`
--

CREATE TABLE `migrations` (
  `id` int(10) UNSIGNED NOT NULL,
  `migration` varchar(255) COLLATE utf8_unicode_ci NOT NULL,
  `batch` int(11) NOT NULL
) ENGINE=InnoDB DEFAULT CHARSET=utf8 COLLATE=utf8_unicode_ci;

--
-- Dumping data for table `migrations`
--

INSERT INTO `migrations` (`id`, `migration`, `batch`) VALUES
(1, '2014_10_12_000000_create_users_table', 1),
(2, '2014_10_12_100000_create_password_resets_table', 1),
(3, '2019_02_24_051945_create_category_table', 2),
(4, '2019_02_24_074623_create_category_table', 3),
(5, '2019_02_24_094252_create_products_table', 4),
(6, '2019_03_07_004913_create_products_atributes_table', 5),
(7, '2019_03_07_045449_create_products_attributes_table', 6),
(8, '2019_03_21_050418_create_cart_table', 7),
(9, '2019_03_26_080442_create_rents_table', 8);

-- --------------------------------------------------------

--
-- Table structure for table `password_resets`
--

CREATE TABLE `password_resets` (
  `email` varchar(255) COLLATE utf8_unicode_ci NOT NULL,
  `token` varchar(255) COLLATE utf8_unicode_ci NOT NULL,
  `created_at` timestamp NULL DEFAULT NULL
) ENGINE=InnoDB DEFAULT CHARSET=utf8 COLLATE=utf8_unicode_ci;

-- --------------------------------------------------------

--
-- Table structure for table `products`
--

CREATE TABLE `products` (
  `id` int(10) UNSIGNED NOT NULL,
  `category_id` int(11) NOT NULL,
  `product_name` varchar(255) COLLATE utf8_unicode_ci NOT NULL,
  `product_code` varchar(255) COLLATE utf8_unicode_ci NOT NULL,
  `product_color` varchar(255) COLLATE utf8_unicode_ci NOT NULL,
  `description` varchar(200) COLLATE utf8_unicode_ci NOT NULL,
  `care` text COLLATE utf8_unicode_ci NOT NULL,
  `price` int(11) NOT NULL,
  `image` varchar(255) COLLATE utf8_unicode_ci DEFAULT NULL,
  `created_at` timestamp NULL DEFAULT NULL,
  `updated_at` timestamp NULL DEFAULT NULL,
  `status` tinyint(1) NOT NULL DEFAULT '1'
) ENGINE=InnoDB DEFAULT CHARSET=utf8 COLLATE=utf8_unicode_ci;

--
-- Dumping data for table `products`
--

INSERT INTO `products` (`id`, `category_id`, `product_name`, `product_code`, `product_color`, `description`, `care`, `price`, `image`, `created_at`, `updated_at`, `status`) VALUES
(1, 13, 'Cal', 'CL', 'K', 'Kuro', 'k', 2000, '17051.png', '2019-02-25 11:43:31', '2019-03-26 19:59:11', 1),
(2, 13, 'Quad', 'Q1', 'K', 'Quad', 'QuadCore i5 4.0GHz', 2000, '50055.png', '2019-03-06 22:54:43', '2019-03-18 23:11:38', 1),
(3, 10, 'Running', 'SRun', 'K', 'Good Running Shoes', '100% Cotton', 1200, '40889.jpeg', '2019-03-12 08:44:41', '2019-03-12 08:44:41', 1),
(4, 11, 'Sprt', 'SP', 'K', 'K', 'K', 1200, '67466.png', '2019-03-20 20:54:33', '2019-03-20 20:54:33', 1),
(5, 10, 'Casual', 'CS', 'K', 'k', 'k', 1000, '64609.png', '2019-03-20 20:55:14', '2019-03-20 20:55:14', 1),
(6, 13, 'Cal', 'CL', 'K', 'Good', 'Good', 2000, '34951.png', '2019-03-26 18:05:14', '2019-03-26 18:05:14', 1);

-- --------------------------------------------------------

--
-- Table structure for table `products_attributes`
--

CREATE TABLE `products_attributes` (
  `id` int(10) UNSIGNED NOT NULL,
  `product_id` int(11) NOT NULL,
  `sku` varchar(255) COLLATE utf8_unicode_ci NOT NULL,
  `size` varchar(255) COLLATE utf8_unicode_ci NOT NULL,
  `price` int(11) NOT NULL,
  `stock` int(11) NOT NULL,
  `created_at` timestamp NULL DEFAULT NULL,
  `updated_at` timestamp NULL DEFAULT NULL
) ENGINE=InnoDB DEFAULT CHARSET=utf8 COLLATE=utf8_unicode_ci;

--
-- Dumping data for table `products_attributes`
--

INSERT INTO `products_attributes` (`id`, `product_id`, `sku`, `size`, `price`, `stock`, `created_at`, `updated_at`) VALUES
(5, 1, 'TSo-S', 'S', 1000, 2, '2019-03-07 04:56:19', '2019-03-07 04:56:19'),
(6, 1, 'TSo-XL', 'XL', 2000, 2, '2019-03-07 04:56:19', '2019-03-07 04:56:19'),
(7, 2, 'QS', 'S', 2000, 2, '2019-03-12 00:45:35', '2019-03-22 02:41:03'),
(8, 2, 'QM', 'M', 2200, 3, '2019-03-12 00:45:35', '2019-03-22 02:41:04'),
(9, 2, 'QL', 'L', 2600, 0, '2019-03-12 00:45:35', '2019-03-22 02:41:04'),
(10, 5, 'CSS', 'S', 1200, 1, '2019-03-21 21:42:14', '2019-03-21 21:42:14');

-- --------------------------------------------------------

--
-- Table structure for table `products_images`
--

CREATE TABLE `products_images` (
  `id` int(11) NOT NULL,
  `product_id` int(11) NOT NULL,
  `image` varchar(255) COLLATE utf8mb4_unicode_ci NOT NULL,
  `created_at` timestamp NOT NULL DEFAULT CURRENT_TIMESTAMP ON UPDATE CURRENT_TIMESTAMP,
  `updated_at` timestamp NOT NULL DEFAULT CURRENT_TIMESTAMP ON UPDATE CURRENT_TIMESTAMP
) ENGINE=InnoDB DEFAULT CHARSET=utf8mb4 COLLATE=utf8mb4_unicode_ci;

--
-- Dumping data for table `products_images`
--

INSERT INTO `products_images` (`id`, `product_id`, `image`, `created_at`, `updated_at`) VALUES
(1, 1, '66125.png', '2019-03-12 22:07:15', '2019-03-12 22:07:15'),
(2, 2, '31794.png', '2019-03-18 22:52:29', '2019-03-18 22:52:29');

-- --------------------------------------------------------

--
-- Table structure for table `rents`
--

CREATE TABLE `rents` (
  `id` int(10) UNSIGNED NOT NULL,
  `category_id` int(11) NOT NULL,
  `product_name` varchar(255) COLLATE utf8_unicode_ci NOT NULL,
  `product_code` varchar(255) COLLATE utf8_unicode_ci NOT NULL,
  `product_color` varchar(255) COLLATE utf8_unicode_ci NOT NULL,
  `description` varchar(200) COLLATE utf8_unicode_ci NOT NULL,
  `price` double(8,2) NOT NULL,
  `care` text COLLATE utf8_unicode_ci NOT NULL,
  `image` varchar(255) COLLATE utf8_unicode_ci NOT NULL,
  `image_pilot` varchar(255) COLLATE utf8_unicode_ci NOT NULL,
  `created_at` timestamp NULL DEFAULT NULL,
  `updated_at` timestamp NULL DEFAULT NULL,
  `status` tinyint(1) NOT NULL DEFAULT '1'
) ENGINE=InnoDB DEFAULT CHARSET=utf8 COLLATE=utf8_unicode_ci;

--
-- Dumping data for table `rents`
--

INSERT INTO `rents` (`id`, `category_id`, `product_name`, `product_code`, `product_color`, `description`, `price`, `care`, `image`, `image_pilot`, `created_at`, `updated_at`, `status`) VALUES
(1, 13, 'Cal', 'CL', 'K', 'K', 2000.00, 'k', '17051.png', '19078.jpg', '2019-03-26 18:11:26', '2019-03-26 18:11:26', 1);

-- --------------------------------------------------------

--
-- Table structure for table `users`
--

CREATE TABLE `users` (
  `id` int(10) UNSIGNED NOT NULL,
  `name` varchar(255) COLLATE utf8_unicode_ci NOT NULL,
  `email` varchar(255) COLLATE utf8_unicode_ci NOT NULL,
  `email_verified_at` timestamp NULL DEFAULT NULL,
  `password` varchar(255) COLLATE utf8_unicode_ci NOT NULL,
  `admin` int(1) DEFAULT NULL,
  `remember_token` varchar(100) COLLATE utf8_unicode_ci DEFAULT NULL,
  `created_at` timestamp NULL DEFAULT NULL,
  `updated_at` timestamp NULL DEFAULT NULL
) ENGINE=InnoDB DEFAULT CHARSET=utf8 COLLATE=utf8_unicode_ci;

--
-- Dumping data for table `users`
--

INSERT INTO `users` (`id`, `name`, `email`, `email_verified_at`, `password`, `admin`, `remember_token`, `created_at`, `updated_at`) VALUES
(1, 'k', 'k@gmail.com', NULL, '$2y$10$ZCvRT4eWszjQpgdYsECmMuvslxzVlTSStWj4wHkTtB2sUXKvyej9m', 1, 'M26pGTXRhYGyDNp2zXQH812qqZiUOYcwrqMcLGdwT2XAYLUhXs9qa2TyMqQx', '2018-11-17 08:42:36', '2019-02-23 22:10:46'),
(3, 'l', 'l@gmail.com', NULL, '$2y$10$MPNo5lx85YnS483C0ng6..KXm.1MvPGkMDJHDA5CdS.HFfcHLpKs2', NULL, 'NMikKYcmoYqXsgE0NO3726PTMk0TPql8n0PQM1pd5eqvU1cFtPZAg5tJE81M', '2019-02-16 10:27:15', '2019-02-16 10:27:15');

--
-- Indexes for dumped tables
--

--
-- Indexes for table `banners`
--
ALTER TABLE `banners`
  ADD PRIMARY KEY (`id`);

--
-- Indexes for table `cart`
--
ALTER TABLE `cart`
  ADD PRIMARY KEY (`id`);

--
-- Indexes for table `categories`
--
ALTER TABLE `categories`
  ADD PRIMARY KEY (`id`);

--
-- Indexes for table `migrations`
--
ALTER TABLE `migrations`
  ADD PRIMARY KEY (`id`);

--
-- Indexes for table `password_resets`
--
ALTER TABLE `password_resets`
  ADD KEY `password_resets_email_index` (`email`);

--
-- Indexes for table `products`
--
ALTER TABLE `products`
  ADD PRIMARY KEY (`id`);

--
-- Indexes for table `products_attributes`
--
ALTER TABLE `products_attributes`
  ADD PRIMARY KEY (`id`);

--
-- Indexes for table `products_images`
--
ALTER TABLE `products_images`
  ADD PRIMARY KEY (`id`);

--
-- Indexes for table `rents`
--
ALTER TABLE `rents`
  ADD PRIMARY KEY (`id`);

--
-- Indexes for table `users`
--
ALTER TABLE `users`
  ADD PRIMARY KEY (`id`),
  ADD UNIQUE KEY `users_email_unique` (`email`);

--
-- AUTO_INCREMENT for dumped tables
--

--
-- AUTO_INCREMENT for table `banners`
--
ALTER TABLE `banners`
  MODIFY `id` int(11) NOT NULL AUTO_INCREMENT, AUTO_INCREMENT=8;

--
-- AUTO_INCREMENT for table `cart`
--
ALTER TABLE `cart`
  MODIFY `id` int(10) UNSIGNED NOT NULL AUTO_INCREMENT, AUTO_INCREMENT=7;

--
-- AUTO_INCREMENT for table `categories`
--
ALTER TABLE `categories`
  MODIFY `id` int(10) UNSIGNED NOT NULL AUTO_INCREMENT, AUTO_INCREMENT=14;

--
-- AUTO_INCREMENT for table `migrations`
--
ALTER TABLE `migrations`
  MODIFY `id` int(10) UNSIGNED NOT NULL AUTO_INCREMENT, AUTO_INCREMENT=10;

--
-- AUTO_INCREMENT for table `products`
--
ALTER TABLE `products`
  MODIFY `id` int(10) UNSIGNED NOT NULL AUTO_INCREMENT, AUTO_INCREMENT=7;

--
-- AUTO_INCREMENT for table `products_attributes`
--
ALTER TABLE `products_attributes`
  MODIFY `id` int(10) UNSIGNED NOT NULL AUTO_INCREMENT, AUTO_INCREMENT=11;

--
-- AUTO_INCREMENT for table `products_images`
--
ALTER TABLE `products_images`
  MODIFY `id` int(11) NOT NULL AUTO_INCREMENT, AUTO_INCREMENT=3;

--
-- AUTO_INCREMENT for table `rents`
--
ALTER TABLE `rents`
  MODIFY `id` int(10) UNSIGNED NOT NULL AUTO_INCREMENT, AUTO_INCREMENT=2;

--
-- AUTO_INCREMENT for table `users`
--
ALTER TABLE `users`
  MODIFY `id` int(10) UNSIGNED NOT NULL AUTO_INCREMENT, AUTO_INCREMENT=4;
COMMIT;

/*!40101 SET CHARACTER_SET_CLIENT=@OLD_CHARACTER_SET_CLIENT */;
/*!40101 SET CHARACTER_SET_RESULTS=@OLD_CHARACTER_SET_RESULTS */;
/*!40101 SET COLLATION_CONNECTION=@OLD_COLLATION_CONNECTION */;
